{
  "id": "1de62bd1-0682-4041-97c5-42296b3c1e38",
  "generation": 3,
  "iteration": 12,
  "current_iteration": 15,
  "metrics": {
    "combined_score": 143.57495610554656,
    "score": 143.57495610554656,
    "geomean_us": 6965.003
  },
  "language": "python",
  "timestamp": 1781203246.4155824,
  "saved_at": 1781203348.6159909
}