{
  "id": "1de62bd1-0682-4041-97c5-42296b3c1e38",
  "generation": 3,
  "iteration": 12,
  "timestamp": 1781203246.4155824,
  "parent_id": "58d70504-a6e3-4efd-a135-c66aac05062e",
  "metrics": {
    "combined_score": 143.57495610554656,
    "score": 143.57495610554656,
    "geomean_us": 6965.003
  },
  "language": "python",
  "saved_at": 1781203650.5748425
}