{
  "id": "79404e57-6634-4196-9a0a-98b9bec04af1",
  "generation": 2,
  "iteration": 6,
  "timestamp": 1781214324.3690643,
  "parent_id": "db75571a-9f20-4151-a107-b3c7b0977344",
  "metrics": {
    "combined_score": 135.78868239353082,
    "score": 135.78868239353082,
    "geomean_us": 7364.384
  },
  "language": "python",
  "saved_at": 1781214920.1352148
}