{
  "id": "6e11fcc2-5708-4b47-bb16-fa1851b6ed52",
  "generation": 5,
  "iteration": 24,
  "current_iteration": 25,
  "metrics": {
    "combined_score": 147.26206683783428,
    "score": 147.26206683783428,
    "geomean_us": 6790.615
  },
  "language": "python",
  "timestamp": 1781656987.7330036,
  "saved_at": 1781657029.9721348
}