{
  "id": "1231fa56-b949-42c9-b279-9a8b74060627",
  "generation": 1,
  "iteration": 1,
  "current_iteration": 5,
  "metrics": {
    "combined_score": 108.05961562546365,
    "score": 108.05961562546365,
    "geomean_us": 9254.151
  },
  "language": "python",
  "timestamp": 1781656140.571115,
  "saved_at": 1781656271.7454166
}