{
  "id": "6e11fcc2-5708-4b47-bb16-fa1851b6ed52",
  "generation": 5,
  "iteration": 24,
  "timestamp": 1781656987.7330036,
  "parent_id": "e1cca94f-7e52-44a5-8216-ee7d53ceb920",
  "metrics": {
    "combined_score": 147.26206683783428,
    "score": 147.26206683783428,
    "geomean_us": 6790.615
  },
  "language": "python",
  "saved_at": 1781657030.046602
}