{
  "id": "79404e57-6634-4196-9a0a-98b9bec04af1",
  "generation": 2,
  "iteration": 6,
  "current_iteration": 10,
  "metrics": {
    "combined_score": 135.78868239353082,
    "score": 135.78868239353082,
    "geomean_us": 7364.384
  },
  "language": "python",
  "timestamp": 1781214324.3690643,
  "saved_at": 1781214447.7573338
}