{
  "id": "29f0bc22-8d7f-4d41-98bf-4623bfc82a09",
  "generation": 4,
  "iteration": 10,
  "current_iteration": 10,
  "metrics": {
    "combined_score": 147.24445981676607,
    "score": 147.24445981676607,
    "geomean_us": 6791.427
  },
  "language": "python",
  "timestamp": 1781656468.8451393,
  "saved_at": 1781656469.1627305
}