{
  "id": "7013159c-eb19-4c38-8c9f-5b5b9c979c38",
  "generation": 1,
  "iteration": 3,
  "current_iteration": 5,
  "metrics": {
    "combined_score": 106.97310610534026,
    "score": 106.97310610534026,
    "geomean_us": 9348.144
  },
  "language": "python",
  "timestamp": 1781214199.1804094,
  "saved_at": 1781214279.2417731
}