{
  "id": "9f030d7c-160e-4fa6-9172-673440792bb7",
  "generation": 2,
  "iteration": 5,
  "current_iteration": 5,
  "metrics": {
    "combined_score": 125.843069916522,
    "score": 125.843069916522,
    "geomean_us": 7946.405
  },
  "language": "python",
  "timestamp": 1781202992.7639885,
  "saved_at": 1781202992.9420319
}